{
  "category": [
    {"id": 1, "groupName": "Грудные", "iconName": "transporter"},
    {"id": 2, "groupName": "Руки", "iconName": "person-biking"},
    {"id": 3, "groupName": "Спина", "iconName": "cubes"},
    {"id": 4, "groupName": "Ноги", "iconName": "futbol"},
    {"id": 5, "groupName": "Плечи", "iconName": "dna"},
    {"id": 6, "groupName": "Корпус", "iconName": "burst"},
    {"id": 7, "groupName": "Фуллбоди", "iconName": "person"},
    {"id": 8, "groupName": "Кардио", "iconName": "heart-pulse"}
  ],
  "exercises": [
    {
      "id": 1,
      "categoryId": 1,
      "area": "mid",
      "name": "Жим штанги лежа · накл",
      "isSelected": false,
      "isSettingActive": false,
      "sets": []
    },
    {
      "id": 2,
      "categoryId": 1,
      "area": "mid",
      "name": "Жим гантелей лежа",
      "isSelected": false,
      "isSettingActive": false,
      "sets": []
    },
    {
      "id": 3,
      "categoryId": 1,
      "area": "mid",
      "name": "Жим в Смите лежа",
      "isSelected": false,
      "isSettingActive": false,
      "sets": []
    },
    {
      "id": 4,
      "categoryId": 1,
      "area": "mid",
      "name": "Разведение гантелей",
      "isSelected": false,
      "isSettingActive": false,
      "sets": []
    },
    {
      "id": 5,
      "categoryId": 1,
      "area": "mid",
      "name": "Отжимания",
      "isSelected": false,
      "isSettingActive": false,
      "sets": []
    },
    {
      "id": 6,
      "categoryId": 1,
      "area": "mid",
      "name": "Жим в хаммере",
      "isSelected": false,
      "isSettingActive": false,
      "sets": []
    },
    {
      "id": 7,
      "categoryId": 1,
      "area": "mid",
      "name": "Пуловер со штангой",
      "isSelected": false,
      "isSettingActive": false,
      "sets": []
    },
    {
      "id": 8,
      "categoryId": 1,
      "area": "mid",
      "name": "Пуловер с гантелью",
      "isSelected": false,
      "isSettingActive": false,
      "sets": []
    },

    {
      "id": 9,
      "categoryId": 2,
      "area": "mid",
      "name": "Тяга верхнего блока",
      "isSelected": false,
      "isSettingActive": false,
      "sets": []
    }
  ]
}